2023-01-11T13:37:13.890Z;/
2023-01-11T13:37:13.958Z;/main.css
2023-01-11T13:37:13.959Z;/main.js
2023-01-11T13:37:14.852Z;/
2023-01-11T13:37:14.901Z;/main.css
2023-01-11T13:37:14.901Z;/main.js
2023-01-11T13:37:33.925Z;/
2023-01-11T13:37:33.968Z;/main.css
2023-01-11T13:37:33.968Z;/main.js
2023-01-11T13:37:34.636Z;/
2023-01-11T13:37:34.679Z;/main.css
2023-01-11T13:37:34.679Z;/main.js
2023-01-11T13:37:34.829Z;/
2023-01-11T13:37:34.869Z;/main.css
2023-01-11T13:37:34.870Z;/main.js
2023-01-11T13:37:34.980Z;/
2023-01-11T13:37:35.019Z;/main.css
2023-01-11T13:37:35.019Z;/main.js
2023-01-11T13:37:35.123Z;/
2023-01-11T13:37:35.167Z;/main.css
2023-01-11T13:37:35.168Z;/main.js
